1,2022-11-03 14:20:49.962000,Wooden,/home/user/dir,wooden-20201128-jdvi.json,2022-11-03 14:20:49.962000
3,2022-11-03 14:20:49.962000,Steel,/usr/ports,steel-20210621-13gb.json,2022-11-03 14:20:49.962000
5,2022-11-03 14:20:49.962000,Granite,/root,granite-20220419-b6n4.json,2022-11-03 14:20:49.962000
8,2022-11-03 14:20:49.962000,Wooden,/usr,wooden-20220717-npgz.json,2022-11-03 14:20:49.962000
7,2022-11-03 14:20:49.962000,Wooden,/usr/bin,wooden-20211114-otpq.json,2022-11-03 14:20:49.962000
14,2022-11-14 12:48:09.786000,Granite,/private/var,granite-20210406-uwqg.json,2022-11-14 12:48:09.786000
12,2022-11-08 15:41:09.927000,Frozen,/Library,frozen-20201124-fsdu.json,2022-11-08 15:41:09.927000
9,2022-11-03 14:20:49.962000,Concrete,/net,concrete-20211012-auw9.json,2022-11-03 14:20:49.962000
13,2022-11-10 18:28:10.197000,Granite,/usr/obj,granite-20220705-4y7t.json,2022-11-10 18:28:10.197000
16,2022-11-22 15:02:10.226000,Soft,/srv,soft-20211001-cjaz.json,2022-11-22 15:02:10.226000
17,2022-11-23 09:41:10.369000,Soft,/opt/bin,soft-20210904-uwsd.json,2022-11-23 09:41:10.369000
10,2022-11-03 14:20:49.962000,Soft,/usr/share,soft-20220201-hzz1.json,2022-11-03 14:20:49.962000
15,2022-11-21 17:09:10.169000,Steel,/home/user/dir,steel-20210707-zhuw.json,2022-11-21 17:09:10.169000
18,2022-11-24 12:01:10.248000,Bronze,/var,bronze-20210303-f74o.json,2022-11-24 12:01:10.248000
6,2022-11-03 14:20:49.962000,Fresh,/srv,fresh-20220807-6ycu.json,2022-11-03 14:20:49.962000
11,2022-11-04 13:23:10.192000,Cotton,/boot,cotton-20211005-yxjd.json,2022-11-04 13:23:10.192000
19,2022-11-29 17:46:09.674000,Frozen,/usr,frozen-20210815-rl8i.json,2022-11-29 17:46:09.674000
20,2022-11-30 08:34:10.280000,Metal,/System,metal-20201229-s60u.json,2022-11-30 08:34:10.280000
2,2022-11-03 14:20:49.962000,Steel,/etc/periodic,steel-20210725-fcxq.json,2022-11-03 14:20:49.962000
21,2022-11-30 16:08:10.161000,Wooden,/usr,wooden-20211225-adqt.json,2022-11-30 16:08:10.161000
4,2022-11-03 14:20:49.962000,Granite,/usr/local/src,granite-20220430-l5fs.json,2022-11-03 14:20:49.962000
22,2022-12-01 10:54:09.825000,Fresh,/etc,fresh-20210615-opko.json,2022-12-01 10:54:09.825000
23,2022-12-01 13:40:09.970000,Soft,/sbin,soft-20210907-yf4z.json,2022-12-01 13:40:09.970000
24,2022-12-01 15:52:09.837000,Granite,/etc/mail,granite-20210516-8b7j.json,2022-12-01 15:52:09.837000
25,2022-12-05 14:39:10.288000,Bronze,/etc/periodic,bronze-20211128-w9ae.json,2022-12-05 14:39:10.288000
26,2022-12-06 10:49:10.274000,Rubber,/usr/local/src,rubber-20220814-o6dm.json,2022-12-06 10:49:10.274000
27,2022-12-06 17:18:09.722000,Concrete,/private/var,concrete-20220508-l474.json,2022-12-06 17:18:09.722000
28,2022-12-07 10:12:10.095000,Bronze,/opt/include,bronze-20210303-d7r1.json,2022-12-07 10:12:10.095000
29,2022-12-08 10:10:10.455000,Bronze,/etc/defaults,bronze-20210307-o8yd.json,2022-12-08 10:10:10.455000
30,2022-12-12 13:19:09.769000,Cotton,/etc,cotton-20220507-r5ui.json,2022-12-12 13:19:09.769000
31,2022-12-13 12:02:10.341000,Soft,/root,soft-20221103-i6wm.json,2022-12-13 12:02:10.341000
32,2022-12-13 14:29:09.742000,Plastic,/opt/share,plastic-20210324-jxeq.json,2022-12-13 14:29:09.742000
